USE [master]
GO
CREATE DATABASE [WareCare]
 CONTAINMENT = NONE
 ON  PRIMARY 
( NAME = N'WareCare', FILENAME = N'C:\Program Files\Microsoft SQL Server\MSSQL15.SQLEXPRESS\MSSQL\DATA\WareCare.mdf' , SIZE = 8192KB , MAXSIZE = UNLIMITED, FILEGROWTH = 65536KB )
 LOG ON 
( NAME = N'WareCare_log', FILENAME = N'C:\Program Files\Microsoft SQL Server\MSSQL15.SQLEXPRESS\MSSQL\DATA\WareCare_log.ldf' , SIZE = 8192KB , MAXSIZE = 2048GB , FILEGROWTH = 65536KB )
 WITH CATALOG_COLLATION = DATABASE_DEFAULT
GO
ALTER DATABASE [WareCare] SET COMPATIBILITY_LEVEL = 150
GO
IF (1 = FULLTEXTSERVICEPROPERTY('IsFullTextInstalled'))
begin
EXEC [WareCare].[dbo].[sp_fulltext_database] @action = 'enable'
end
GO
ALTER DATABASE [WareCare] SET ANSI_NULL_DEFAULT OFF 
GO
ALTER DATABASE [WareCare] SET ANSI_NULLS OFF 
GO
ALTER DATABASE [WareCare] SET ANSI_PADDING OFF 
GO
ALTER DATABASE [WareCare] SET ANSI_WARNINGS OFF 
GO
ALTER DATABASE [WareCare] SET ARITHABORT OFF 
GO
ALTER DATABASE [WareCare] SET AUTO_CLOSE OFF 
GO
ALTER DATABASE [WareCare] SET AUTO_SHRINK OFF 
GO
ALTER DATABASE [WareCare] SET AUTO_UPDATE_STATISTICS ON 
GO
ALTER DATABASE [WareCare] SET CURSOR_CLOSE_ON_COMMIT OFF 
GO
ALTER DATABASE [WareCare] SET CURSOR_DEFAULT  GLOBAL 
GO
ALTER DATABASE [WareCare] SET CONCAT_NULL_YIELDS_NULL OFF 
GO
ALTER DATABASE [WareCare] SET NUMERIC_ROUNDABORT OFF 
GO
ALTER DATABASE [WareCare] SET QUOTED_IDENTIFIER OFF 
GO
ALTER DATABASE [WareCare] SET RECURSIVE_TRIGGERS OFF 
GO
ALTER DATABASE [WareCare] SET  DISABLE_BROKER 
GO
ALTER DATABASE [WareCare] SET AUTO_UPDATE_STATISTICS_ASYNC OFF 
GO
ALTER DATABASE [WareCare] SET DATE_CORRELATION_OPTIMIZATION OFF 
GO
ALTER DATABASE [WareCare] SET TRUSTWORTHY OFF 
GO
ALTER DATABASE [WareCare] SET ALLOW_SNAPSHOT_ISOLATION OFF 
GO
ALTER DATABASE [WareCare] SET PARAMETERIZATION SIMPLE 
GO
ALTER DATABASE [WareCare] SET READ_COMMITTED_SNAPSHOT OFF 
GO
ALTER DATABASE [WareCare] SET HONOR_BROKER_PRIORITY OFF 
GO
ALTER DATABASE [WareCare] SET RECOVERY FULL 
GO
ALTER DATABASE [WareCare] SET  MULTI_USER 
GO
ALTER DATABASE [WareCare] SET PAGE_VERIFY CHECKSUM  
GO
ALTER DATABASE [WareCare] SET DB_CHAINING OFF 
GO
ALTER DATABASE [WareCare] SET FILESTREAM( NON_TRANSACTED_ACCESS = OFF ) 
GO
ALTER DATABASE [WareCare] SET TARGET_RECOVERY_TIME = 60 SECONDS 
GO
ALTER DATABASE [WareCare] SET DELAYED_DURABILITY = DISABLED 
GO
ALTER DATABASE [WareCare] SET ACCELERATED_DATABASE_RECOVERY = OFF  
GO
EXEC sys.sp_db_vardecimal_storage_format N'WareCare', N'ON'
GO
ALTER DATABASE [WareCare] SET QUERY_STORE = OFF
GO
USE [WareCare]
GO
SET ANSI_NULLS ON
GO
SET QUOTED_IDENTIFIER ON
GO
CREATE TABLE [dbo].[AvailableProducts](
	[ID] [int] IDENTITY(1,1) NOT NULL,
	[ProductID] [int] NOT NULL,
	[Quantity] [int] NOT NULL,
	[Price] [money] NOT NULL,
 CONSTRAINT [PK_AvailableProducts] PRIMARY KEY CLUSTERED 
(
	[ID] ASC
)WITH (PAD_INDEX = OFF, STATISTICS_NORECOMPUTE = OFF, IGNORE_DUP_KEY = OFF, ALLOW_ROW_LOCKS = ON, ALLOW_PAGE_LOCKS = ON, OPTIMIZE_FOR_SEQUENTIAL_KEY = OFF) ON [PRIMARY]
) ON [PRIMARY]
GO
SET ANSI_NULLS ON
GO
SET QUOTED_IDENTIFIER ON
GO
CREATE TABLE [dbo].[Brands](
	[ID] [int] IDENTITY(1,1) NOT NULL,
	[Name] [nvarchar](100) NOT NULL,
 CONSTRAINT [PK_Brands] PRIMARY KEY CLUSTERED 
(
	[ID] ASC
)WITH (PAD_INDEX = OFF, STATISTICS_NORECOMPUTE = OFF, IGNORE_DUP_KEY = OFF, ALLOW_ROW_LOCKS = ON, ALLOW_PAGE_LOCKS = ON, OPTIMIZE_FOR_SEQUENTIAL_KEY = OFF) ON [PRIMARY]
) ON [PRIMARY]
GO
SET ANSI_NULLS ON
GO
SET QUOTED_IDENTIFIER ON
GO
CREATE TABLE [dbo].[Products](
	[ID] [int] IDENTITY(1,1) NOT NULL,
	[Name] [nvarchar](100) NOT NULL,
	[Description] [nvarchar](250) NULL,
	[BrandID] [int] NOT NULL,
 CONSTRAINT [PK_Products] PRIMARY KEY CLUSTERED 
(
	[ID] ASC
)WITH (PAD_INDEX = OFF, STATISTICS_NORECOMPUTE = OFF, IGNORE_DUP_KEY = OFF, ALLOW_ROW_LOCKS = ON, ALLOW_PAGE_LOCKS = ON, OPTIMIZE_FOR_SEQUENTIAL_KEY = OFF) ON [PRIMARY]
) ON [PRIMARY]
GO
SET ANSI_NULLS ON
GO
SET QUOTED_IDENTIFIER ON
GO
CREATE TABLE [dbo].[Users](
	[ID] [int] NOT NULL,
	[Username] [nvarchar](100) NOT NULL,
	[Password] [nvarchar](50) NOT NULL,
 CONSTRAINT [PK_Users] PRIMARY KEY CLUSTERED 
(
	[ID] ASC
)WITH (PAD_INDEX = OFF, STATISTICS_NORECOMPUTE = OFF, IGNORE_DUP_KEY = OFF, ALLOW_ROW_LOCKS = ON, ALLOW_PAGE_LOCKS = ON, OPTIMIZE_FOR_SEQUENTIAL_KEY = OFF) ON [PRIMARY]
) ON [PRIMARY]
GO
SET IDENTITY_INSERT [dbo].[AvailableProducts] ON 
GO
INSERT [dbo].[AvailableProducts] ([ID], [ProductID], [Quantity], [Price]) VALUES (8, 1, 5, 1599.9900)
GO
INSERT [dbo].[AvailableProducts] ([ID], [ProductID], [Quantity], [Price]) VALUES (9, 2, 6, 119.9900)
GO
INSERT [dbo].[AvailableProducts] ([ID], [ProductID], [Quantity], [Price]) VALUES (22, 10, 11, 999.9900)
GO
INSERT [dbo].[AvailableProducts] ([ID], [ProductID], [Quantity], [Price]) VALUES (23, 11, 16, 1499.9900)
GO
INSERT [dbo].[AvailableProducts] ([ID], [ProductID], [Quantity], [Price]) VALUES (25, 9, 7, 499.9900)
GO
INSERT [dbo].[AvailableProducts] ([ID], [ProductID], [Quantity], [Price]) VALUES (26, 12, 0, 399.9900)
GO
SET IDENTITY_INSERT [dbo].[AvailableProducts] OFF
GO
SET IDENTITY_INSERT [dbo].[Brands] ON 
GO
INSERT [dbo].[Brands] ([ID], [Name]) VALUES (1, N'Apple')
GO
INSERT [dbo].[Brands] ([ID], [Name]) VALUES (2, N'Huawei')
GO
INSERT [dbo].[Brands] ([ID], [Name]) VALUES (3, N'Samsung')
GO
INSERT [dbo].[Brands] ([ID], [Name]) VALUES (7, N'Sony')
GO
SET IDENTITY_INSERT [dbo].[Brands] OFF
GO
SET IDENTITY_INSERT [dbo].[Products] ON 
GO
INSERT [dbo].[Products] ([ID], [Name], [Description], [BrandID]) VALUES (1, N'iPhone 13 Pro Max', N'5G, 128 GB', 1)
GO
INSERT [dbo].[Products] ([ID], [Name], [Description], [BrandID]) VALUES (2, N'Galaxy Z Flip 4', N'5G, 256 GB, 8 GB RAM', 3)
GO
INSERT [dbo].[Products] ([ID], [Name], [Description], [BrandID]) VALUES (9, N'iPhone 2022 SE', N'5G, 64 GB, 6-core CPU', 1)
GO
INSERT [dbo].[Products] ([ID], [Name], [Description], [BrandID]) VALUES (10, N'P50 Pocket', N'1,04" - extra screen, 6,9", 256 GB, 8 GB RAM', 2)
GO
INSERT [dbo].[Products] ([ID], [Name], [Description], [BrandID]) VALUES (11, N'Xperia 1 IV', N'Android 12, 256 GB, 5G', 7)
GO
INSERT [dbo].[Products] ([ID], [Name], [Description], [BrandID]) VALUES (12, N'Galaxy M53', N'5G, 128 GB, 6 GB RAM', 3)
GO
INSERT [dbo].[Products] ([ID], [Name], [Description], [BrandID]) VALUES (13, N'Galaxy A53', N'5G, 128 GB, 120Hz 2400x1080 screen', 3)
GO
INSERT [dbo].[Products] ([ID], [Name], [Description], [BrandID]) VALUES (14, N'iPhone 11 PRO', N'iOS 13, 64 GB, 4 GB RAM', 1)
GO
INSERT [dbo].[Products] ([ID], [Name], [Description], [BrandID]) VALUES (15, N'P30', N'Android 9, 128 GB, 6 GB RAM', 2)
GO
INSERT [dbo].[Products] ([ID], [Name], [Description], [BrandID]) VALUES (16, N'iPhone X', N'64 GB, 3 GB RAM', 1)
GO
SET IDENTITY_INSERT [dbo].[Products] OFF
GO
INSERT [dbo].[Users] ([ID], [Username], [Password]) VALUES (1, N'admin', N'admin')
GO
ALTER TABLE [dbo].[AvailableProducts] ADD  CONSTRAINT [UK_AvailableProducts] UNIQUE NONCLUSTERED 
(
	[ProductID] ASC
)WITH (PAD_INDEX = OFF, STATISTICS_NORECOMPUTE = OFF, SORT_IN_TEMPDB = OFF, IGNORE_DUP_KEY = OFF, ONLINE = OFF, ALLOW_ROW_LOCKS = ON, ALLOW_PAGE_LOCKS = ON, OPTIMIZE_FOR_SEQUENTIAL_KEY = OFF) ON [PRIMARY]
GO
ALTER TABLE [dbo].[AvailableProducts]  WITH CHECK ADD  CONSTRAINT [FK_AvailableProducts_Products] FOREIGN KEY([ProductID])
REFERENCES [dbo].[Products] ([ID])
GO
ALTER TABLE [dbo].[AvailableProducts] CHECK CONSTRAINT [FK_AvailableProducts_Products]
GO
ALTER TABLE [dbo].[Products]  WITH CHECK ADD  CONSTRAINT [FK_Products_Brands] FOREIGN KEY([BrandID])
REFERENCES [dbo].[Brands] ([ID])
GO
ALTER TABLE [dbo].[Products] CHECK CONSTRAINT [FK_Products_Brands]
GO
USE [master]
GO
ALTER DATABASE [WareCare] SET  READ_WRITE 
GO
